Excluded,aic
"(school,...)",
none,3293.491
pre,3316.897004
eva,3459.992402
tem,3383.478752
dew,3331.132299
hum,3378.056495
