excluded,aic
none,3532.32779
pre,3688.386397
eva,3391.408771
tem,3648.109884
dew,3373.581697
hum,3564.533245
sch,3499.139925
