parameter,value
mu,2.47E-04
eta1,0.009615385
eta2,2.47E-04
alpha,0.65
sigma,1.754385965
gamma,0.714285714
delta,0.65
n1,40000
n2,1600000
